VIP2,VIP1,2023-10-05 11:48:47,Behajtás
VIP2,0,2023-10-05 11:48:53,Kihajtás
VIP3,VIP2,2023-10-05 11:49:03,Behajtás
VIP3,0,2023-10-05 11:49:07,Kihajtás
VIP3,0,2023-10-05 11:49:18,Kihajtás
VIP3333,VIP3,2023-10-05 11:49:22,Behajtás
VIP3333,0,2023-10-05 11:49:25,Kihajtás
VIP33332,1,2023-10-05 11:49:28,Behajtás
NNNNN,P1,2023-10-05 11:57:33,Behajtás
BBBBB,P2,2023-10-05 11:57:40,Behajtás
BBBBB,0,2023-10-05 11:57:42,Kihajtás
VIP1,P3,2023-10-05 11:57:49,Behajtás
VIP1,0,2023-10-05 11:57:51,Kihajtás
VIP1,0,2023-10-05 11:57:52,Kihajtás
VIP1,0,2023-10-05 11:57:53,Kihajtás
PPPP,P4,2023-10-05 11:57:59,Behajtás
PPPP,0,2023-10-05 11:58:01,Kihajtás
VIP2,P1,2023-10-05 12:00:51,Behajtás
VIP2,,2023-10-05 12:00:58,Kihajtás
VIP1,P2,2023-10-05 12:01:04,Behajtás
VIP1,,2023-10-05 12:01:05,Kihajtás
VIP1,,2023-10-05 12:01:06,Kihajtás
VIP1,,2023-10-05 12:01:08,Kihajtás
VIP1,,2023-10-05 12:03:04,Kihajtás
VIP1,,2023-10-05 12:03:07,Kihajtás
VIP1,,2023-10-05 12:03:19,Kihajtás
VIP1,,2023-10-05 12:03:22,Kihajtás
VIP1,,2023-10-05 12:03:23,Kihajtás
VIP1,,2023-10-05 12:03:24,Kihajtás
VIP1,,2023-10-05 12:03:24,Kihajtás
VIP1,P1,2023-10-05 12:05:39,Behajtás
VIP1,,2023-10-05 12:05:57,Kihajtás
VIP1,,2023-10-05 12:06:12,Kihajtás
VIP1,,2023-10-05 12:06:16,Kihajtás
VIP2,P2,2023-10-05 12:06:34,Behajtás
VIP2,,2023-10-05 12:06:39,Kihajtás
VIP1,P1,2023-10-05 12:09:03,Behajtás
VIP1,,2023-10-05 12:09:07,Kihajtás
VIP1,,2023-10-05 12:09:13,Kihajtás
VIP2,P2,2023-10-05 12:09:32,Behajtás
VIP3,P3,2023-10-05 12:09:46,Behajtás
VIP3,,2023-10-05 12:09:49,Kihajtás
VIP2,,2023-10-05 12:09:57,Kihajtás
VIP2,,2023-10-05 12:10:06,Kihajtás
VIP2,,2023-10-05 12:10:09,Kihajtás
VIP2,,2023-10-05 12:10:12,Kihajtás
VIP2,,2023-10-05 12:10:14,Kihajtás
VIP1,,2023-10-05 12:10:21,Kihajtás
VIP1,,2023-10-05 12:10:27,Kihajtás
TGF-245,P1,2023-10-05 13:13:21,Behajtás
TGF-245,1,2023-10-05 13:13:22,Kihajtás
TGF-245,P2,2023-10-05 13:13:24,Behajtás
TGF-245,1,2023-10-05 13:13:25,Kihajtás
IZA - 317,P1,2023-10-05 13:17:37,Behajtás
IZA - 317,1,2023-10-05 13:17:40,Kihajtás
IZA - 317,1,2023-10-05 13:17:40,Kihajtás
GFT-569,P1,2023-10-05 13:23:08,Behajtás
GFT-569,1,2023-10-05 13:23:13,Kihajtás
GFT-569,P2,2023-10-05 13:23:21,Behajtás
GFT-569,P1,2023-10-05 13:23:59,Behajtás
GFT-569,1,2023-10-05 13:24:02,Kihajtás
GFT-569,P2,2023-10-05 13:24:10,Behajtás
GFT-569,1,2023-10-05 13:24:17,Kihajtás
GFT-569,P1,2023-10-05 13:24:52,Behajtás
GFT-565,P2,2023-10-05 13:25:08,Behajtás
GFT-569,1,2023-10-05 13:25:21,Kihajtás
GFT-569,P3,2023-10-05 13:25:39,Behajtás
GFT-569,2,2023-10-05 13:25:41,Kihajtás
GFT-569,P4,2023-10-05 13:25:53,Behajtás
GFT-569,2,2023-10-05 13:25:55,Kihajtás
GGG-256,P1,2023-10-05 13:27:13,Behajtás
GGG-256,1,2023-10-05 13:27:24,Kihajtás
GGG-258,P2,2023-10-05 13:27:36,Behajtás
GGG-257,P3,2023-10-05 13:27:40,Behajtás
GGG-256,P4,2023-10-05 13:27:48,Behajtás
GGG-257,2,2023-10-05 13:27:54,Kihajtás
TTT-895,P1,2023-10-05 13:29:00,Behajtás
TTT-895,1,2023-10-05 13:29:22,Kihajtás
TTT-895,P2,2023-10-05 13:29:30,Behajtás
TTR-542,P1,2023-10-05 13:32:56,Behajtás
TTR-542,1,2023-10-05 13:33:16,Kihajtás
TRG-568,P1,2023-10-05 13:36:17,Behajtás
ZTH- 321,P1,2023-10-05 13:37:22,Behajtás
ZTH- 321,1,2023-10-05 13:37:24,Kihajtás
TGR-785,P1,2023-10-05 13:38:40,Behajtás,0
TGR-785,1,2023-10-05 13:39:21,Kihajtás,6
EGR-785,P2,2023-10-05 13:40:02,Behajtás,0
EGR-785,1,2023-10-05 13:40:55,Kihajtás,8
EGR-788,P3,2023-10-05 13:42:35,Behajtás,0
EGD-788,P4,2023-10-05 13:42:44,Behajtás,0
EGD-777,P5,2023-10-05 13:42:52,Behajtás,0
EZD-777,VIP1,2023-10-05 13:44:04,Behajtás,0
EZD-778,VIP2,2023-10-05 13:44:16,Behajtás,0
EZD-888,VIP3,2023-10-05 13:44:22,Behajtás,0
EZD-999,,2023-10-05 13:44:29,Behajtás,0
DDD-123,P1,2023-10-05 13:47:36,Behajtás,0
DDD-123,1,2023-10-05 13:47:39,Kihajtás,0
DDD-123,P2,2023-10-05 13:47:42,Behajtás,0
DDD-123,1,2023-10-05 13:48:02,Kihajtás,4
GTH-876,P1,2023-10-05 13:52:15,Behajtás
GTH-876,P1,2023-10-05 13:52:40,Kihajtás
DDR-875,P1,2023-10-05 13:53:15,Behajtás
DDR-899,P2,2023-10-05 13:53:25,Behajtás
KDR-77,P3,2023-10-05 13:53:37,Behajtás
DDR-899,P2,2023-10-05 13:53:57,Kihajtás
